{"mean_": [20.86950146627566, 20.952237522605063, 64.4583993043692, 7.230938416422287], "scale_": [12.568369367150142, 7.4157301167564, 38.513396055090126, 4.666616826900478]}